composition,ΔH,ΔS,C14,C15,wt,ln_p
Ti0.33333333 Mn0.28333333 V0.01666667 Cr0.33333333 Fe0.03333333,14.7,93.7,100.0,0.0,,-11.199422660572528
Ti0.33333333 Mn0.23333333 V0.03333333 Cr0.33333333 Fe0.06666667,17.7,101.0,100.0,0.0,,-12.063026220832331
Ti0.33333333 Mn0.18333333 V0.05 Cr0.33333333 Fe0.1,18.6,99.9,100.0,0.0,,-11.926389222997356
Ti0.33333333 Mn0.13333333 V0.06666667 Cr0.33333333 Fe0.13333333,20.2,103.0,100.0,0.0,,-12.291556410873227
Zr0.01346801 Ti0.31986532 Mn0.33333333 Cr0.33333333,15.1,93.0,100.0,0.0,,-11.113302862641328
Zr0.01666667 Ti0.31666667 Mn0.2962963 Cr0.37037037,16.5,93.1,100.0,0.0,,-11.118595140726486
Zr0.05 Ti0.28333333 Mn0.33333333 Cr0.33333333,20.4,102.4,100.0,0.0,,-12.21842675006014
Zr0.05 Ti0.28333333 Mn0.2962963 Cr0.37037037,21.5,101.0,100.0,0.0,,-12.044743805629059
Ti0.33333333 Mn0.33333333 Cr0.33333333,28.76,114.7,100.0,0.0,1.61,-13.657637719509262
Zr0.03333333 Ti0.3 Mn0.33333333 Cr0.33333333,31.7,112.6,100.0,0.0,1.68,-13.390906904017319
Zr0.05 Ti0.28333333 Mn0.33333333 Cr0.33333333,32.6,112.1,100.0,0.0,1.81,-13.326437334616308
Zr0.06666667 Ti0.26666667 Mn0.33333333 Cr0.33333333,33.8,111.8,100.0,0.0,1.9,-13.284580226124609
Zr0.05 Ti0.28333333 Mn0.33333333 Cr0.31666667 Mo0.01666667,32.5,115.2,100.0,0.0,1.88,-13.699783497714698
Zr0.05 Ti0.28333333 Mn0.33333333 Cr0.3 Mo0.03333333,30.8,106.4,100.0,0.0,1.78,-12.649506855905702
Zr0.05 Ti0.28333333 Mn0.33333333 Cr0.28333333 Mo0.05,28.3,100.9,100.0,0.0,1.67,-12.000000000000002
Zr0.05 Ti0.28333333 Mn0.33333333 Cr0.32666667 W0.00666667,28.91,113.8,100.0,0.0,1.52,-13.548664902573972
Zr0.05 Ti0.28333333 Mn0.33333333 Cr0.31666667 W0.01666667,31.25,109.2,100.0,0.0,1.43,-12.984123165744528
Zr0.05 Ti0.28333333 Mn0.33333333 Cr0.3 W0.03333333,26.2,106.2,100.0,0.0,1.36,-12.647582391147463
Zr0.25225225 Ti0.08108108 Mn0.15873016 Cr0.08465608 Co0.05291005 Ni0.37037037,35.5,110.0,35.0,54.0,1.62,-13.059898965600192
Zr0.24324324 Ti0.09009009 Mn0.15873016 Cr0.08465608 Co0.05291005 Ni0.37037037,31.5,104.0,38.0,52.0,1.61,-12.357469328842916
Zr0.23423423 Ti0.0990991 Mn0.15873016 Cr0.08465608 Co0.05291005 Ni0.37037037,32.1,103.0,39.0,50.0,1.51,-12.234303584315613
Zr0.22522523 Ti0.10810811 Mn0.15873016 Cr0.08465608 Co0.05291005 Ni0.37037037,33.9,110.0,49.0,40.0,1.51,-13.067596824633148
Zr0.21621622 Ti0.11711712 Mn0.15873016 Cr0.08465608 Co0.05291005 Ni0.37037037,32.7,107.0,56.0,33.0,1.58,-12.712533076738032
Zr0.24561404 Ti0.0877193 Mn0.15873016 Cr0.08465608 Co0.05291005 Ni0.37037037,36.7,102.0,52.0,29.0,1.56,-12.091893192205918
Zr0.24074074 Ti0.09259259 Mn0.15873016 Cr0.08465608 Co0.05291005 Ni0.37037037,30.8,102.0,34.0,60.0,1.63,-12.120279047389944
Zr0.23809524 Ti0.0952381 Mn0.15873016 Cr0.08465608 Co0.05291005 Ni0.37037037,27.3,102.0,20.0,74.0,1.41,-12.137118114024537
Zr0.23529412 Ti0.09803922 Mn0.15873016 Cr0.08465608 Co0.05291005 Ni0.37037037,24.8,108.0,9.2,85.0,1.12,-12.8708203031032
Zr0.33333333 Al0.03333333 Fe0.63333333,41.1,110.0,0.0,100.0,1.3,-13.032956458984843
Zr0.33333333 Al0.05 Fe0.61666667,40.0,110.0,0.0,100.0,1.26,-13.03824873707
Zr0.33333333 Al0.06666667 Fe0.6,38.9,110.0,0.0,100.0,1.15,-13.043541015155158
Zr0.33333333 Al0.08333333 Fe0.58333333,37.7,110.0,0.0,100.0,1.01,-13.049314409429876
Zr0.33333333 Al0.1 Fe0.56666667,36.6,110.0,0.0,100.0,0.9,-13.054606687515035
Zr0.33333333 V0.03333333 Fe0.63333333,35.4,110.0,0.0,100.0,1.34,-13.060380081789752
Zr0.33333333 V0.06666667 Fe0.6,34.2,110.0,0.0,0.0,1.55,-13.06615347606447
Zr0.33333333 V0.1 Fe0.56666667,33.0,110.0,100.0,0.0,1.71,-13.071926870339187
Zr0.33333333 V0.16666667 Fe0.5,31.6,110.0,100.0,0.0,1.82,-13.078662496993022
Zr0.3 Ti0.03333333 V0.1 Fe0.56666667,30.2,110.0,100.0,0.0,1.69,-13.08539812364686
Zr0.23333333 Ti0.1 V0.1 Fe0.56666667,29.0,110.0,100.0,0.0,1.53,-13.091171517921577
Zr0.16666667 Ti0.16666667 V0.1 Fe0.56666667,27.7,110.0,100.0,0.0,1.39,-13.097426028385854
Zr0.23333333 Ti0.1 V0.06666667 Fe0.6,27.0,110.0,100.0,0.0,1.51,-13.100793841712774
Zr0.23333333 Ti0.1 V0.16666667 Fe0.5,26.5,110.0,100.0,0.0,1.65,-13.103199422660571
Zr0.16166667 Ti0.17166667 Mn0.4 Cr0.26666667,33.0,103.0,0.0,0.0,1.69,-12.229973538609576
Zr0.16166667 Ti0.17166667 Mn0.38095238 Cr0.25396825 Fe0.03174603,30.0,99.0,0.0,0.0,1.58,-11.763290834736589
Zr0.16166667 Ti0.17166667 Mn0.38095238 Cr0.25396825 Co0.03174603,29.0,97.0,0.0,0.0,1.57,-11.527543901852297
Zr0.16166667 Ti0.17166667 Mn0.38095238 Cr0.25396825 Ni0.03174603,31.0,105.0,0.0,0.0,1.63,-12.48015395718066
Zr0.21393035 Ti0.11940298 Mn0.08120301 Al0.00401002 V0.10025063 Cr0.07518797 Co0.0802005 Ni0.32280702 Sn0.00300752,33.7,105.0,100.0,0.0,,-12.467163820062545
Zr0.21393035 Ti0.11940298 Mn0.08120301 Al0.00401002 V0.10025063 Cr0.07518797 Co0.07017544 Ni0.32280702 Sn0.00300752 Mo0.01002506,35.4,111.0,100.0,0.0,,-13.180659129179698
Zr0.21393035 Ti0.11940298 Mn0.08120301 Al0.00401002 V0.10025063 Cr0.07518797 Co0.06015038 Ni0.32280702 Sn0.00300752 Mo0.02005013,36.4,114.0,100.0,0.0,,-13.536685109453932
Zr0.21393035 Ti0.11940298 Mn0.08120301 Al0.00401002 V0.10025063 Cr0.07518797 Co0.05012531 Ni0.32280702 Sn0.00300752 Mo0.03007519,36.7,111.0,100.0,0.0,,-13.174404618715421
Zr0.21393035 Ti0.11940298 Mn0.08120301 Al0.00401002 V0.10025063 Cr0.07518797 Co0.04010025 Ni0.32280702 Sn0.00300752 Mo0.04010025,37.8,111.0,100.0,0.0,,-13.169112340630264
Zr0.21393035 Ti0.11940298 Mn0.08120301 Al0.00401002 V0.10025063 Cr0.07518797 Co0.03007519 Ni0.32280702 Sn0.00300752 Mo0.05012531,38.7,112.0,100.0,0.0,,-13.285061342314169
Ti0.33333333 Mn0.1 Cr0.36666667 Fe0.2,16.47,103.75,100.0,0.0,1.621,-12.399711330286264
La0.00985222 Ti0.33333333 Mn0.09852217 Cr0.36124795 Fe0.19704434,16.63,104.17,100.0,0.0,1.715,-12.449458744286746
Ce0.00985222 Ti0.33333333 Mn0.09852217 Cr0.36124795 Fe0.19704434,19.27,112.11,100.0,0.0,1.629,-13.391772913158528
Ti0.33614837 Mn0.10084451 Cr0.36429872 Fe0.1987084,19.39,111.29,100.0,0.0,1.663,-13.2925667548713
Zr0.28571429 Ti0.04761905 Mn0.19487179 Cr0.09230769 Co0.05128205 Ni0.32820513,33.9,110.0,52.0,47.1,1.68,-13.067596824633148
Zr0.28571429 Ti0.04761905 Mn0.19487179 Cr0.09230769 Co0.05128205 Ni0.32307692 B0.00512821,35.7,110.0,44.2,54.1,1.63,-13.058936733221072
Zr0.28571429 Ti0.04761905 Mn0.19487179 Cr0.09230769 Co0.05128205 Ni0.31794872 B0.01025641,34.7,107.0,41.3,55.0,1.62,-12.702910752946837
Zr0.28571429 Ti0.04761905 Mn0.19487179 Cr0.09230769 Co0.05128205 Ni0.30769231 B0.02051282,32.9,98.0,44.3,52.6,1.6,-11.62905941784941
Zr0.28571429 Ti0.04761905 Mn0.19487179 Cr0.09230769 Fe0.00512821 Co0.05128205 Ni0.32307692,36.0,111.0,36.5,60.3,1.74,-13.177772432042339
Gd0.00512821 Zr0.28571429 Ti0.04761905 Mn0.19487179 Cr0.09230769 Co0.05128205 Ni0.32307692,38.4,116.0,41.6,54.9,1.74,-13.767620880442626
Mg0.02051282 Zr0.28571429 Ti0.04761905 Mn0.19487179 Cr0.09230769 Co0.05128205 Ni0.30769231,38.4,116.0,49.3,48.1,1.75,-13.767620880442626
Zr0.28571429 Ti0.04761905 Mn0.19487179 Cr0.09230769 Co0.05128205 Ni0.30769231 C0.02051282,31.3,111.0,38.7,56.4,1.58,-13.200384892951648
Zr0.2183908 Ti0.11494253 Mn0.08282209 Al0.00408998 V0.10224949 Cr0.07668712 Co0.07157464 Ni0.32924335,41.6,125.0,85.4,11.2,1.49,-14.834736588886216
La0.01007049 Zr0.21499014 Ti0.1183432 Mn0.081571 Al0.0040282 V0.10070493 Cr0.0755287 Co0.07049345 Ni0.32426989,41.4,125.0,75.6,21.5,1.58,-14.835698821265336
La0.01984127 Zr0.21138211 Ti0.12195122 Mn0.08035714 Al0.00396825 V0.09920635 Cr0.07440476 Co0.06944444 Ni0.31944444,40.6,121.0,80.8,15.5,1.66,-14.358431561222035
La0.02932551 Zr0.20754717 Ti0.12578616 Mn0.07917889 Al0.00391007 V0.09775171 Cr0.07331378 Co0.0684262 Ni0.31476051,40.0,123.0,80.7,15.8,1.53,-14.601876353139282
La0.03853565 Zr0.2034632 Ti0.12987013 Mn0.07803468 Al0.00385356 V0.09633911 Cr0.07225434 Co0.06743738 Ni0.31021195,36.6,116.0,82.8,14.3,1.53,-13.776280971854703
La0.04748338 Zr0.19910515 Ti0.13422819 Mn0.07692308 Al0.00379867 V0.09496676 Cr0.07122507 Co0.06647673 Ni0.30579297,35.8,117.0,88.7,8.4,1.42,-13.900408948761125
Zr0.33333333 Fe0.16666667 Co0.5,9.5,33.0,0.0,100.0,,-3.923502525859995
Zr0.33333333 V0.63333333 Fe0.03333333,110.24,167.11,0.0,0.0,,-19.569449121962954
Zr0.33333333 V0.6 Fe0.06666667,105.59,164.12,0.0,0.0,,-19.23218667308155
Zr0.33333333 V0.56666667 Fe0.1,69.01,124.5,0.0,0.0,,-14.642723117632908
Zr0.33333333 Mn0.33333333 Fe0.23333333 Co0.1,9.8,37.4,0.0,0.0,,-4.451286985807072
Zr0.33333333 Mn0.33333333 Fe0.23333333 Co0.1,8.8,36.2,0.0,0.0,,-4.311763290834737
Zr0.33333333 Mn0.33333333 Fe0.33333333,32.07,110.0,0.0,0.0,,-13.076401250902093
Zr0.33333333 Mn0.33333333 Fe0.33333333,32.07,110.0,0.0,0.0,,-13.076401250902093
Zr0.33333333 Mn0.33333333 Fe0.33333333,32.07,110.0,0.0,0.0,,-13.076401250902093
Zr0.33333333 Mn0.33333333 Fe0.33333333,32.07,110.0,0.0,0.0,,-13.076401250902093
Zr0.33333333 Fe0.66666667,26.0,110.0,0.0,100.0,1.8,-13.105605003608371
Zr0.33333333 Fe0.66666667,24.2,110.0,0.0,100.0,1.74,-13.114265095020446
Zr0.33333333 Fe0.66666667,22.7,110.0,0.0,100.0,1.63,-13.121481837863843
Zr0.16666667 Ti0.16666667 Mn0.22222222 V0.22222222 Fe0.22222222,46.5,110.0,100.0,0.0,1.88,-13.006976184748616
Zr0.16666667 Ti0.16666667 Mn0.19047619 V0.19047619 Cr0.0952381 Fe0.19047619,39.72,110.0,100.0,0.0,1.71,-13.03959586240077
Zr0.16666667 Ti0.16666667 Mn0.17777778 V0.17777778 Cr0.13333333 Fe0.17777778,36.21,110.0,100.0,0.0,1.6,-13.056483040654317
Zr0.16666667 Ti0.16666667 Mn0.16666667 V0.16666667 Cr0.16666667 Fe0.16666667,31.83,110.0,100.0,0.0,1.5,-13.077555929757036
Zr0.16666667 Ti0.16666667 Mn0.15686275 V0.15686275 Cr0.19607843 Fe0.15686275,31.56,110.0,100.0,0.0,1.47,-13.078854943468848
Zr0.16666667 Ti0.16666667 Mn0.14814815 V0.14814815 Cr0.22222222 Fe0.14814815,30.78,110.0,100.0,0.0,1.47,-13.082607649747413
Zr0.16666667 Ti0.16666667 Mn0.13333333 V0.13333333 Cr0.26666667 Fe0.13333333,25.95,110.0,100.0,0.0,1.23,-13.10584556170315
Zr0.16666667 Ti0.16666667 Mn0.22222222 V0.22222222 Cr0.22222222,51.21,110.0,100.0,0.0,1.92,-12.98431561222035
Zr0.16666667 Ti0.16666667 Mn0.19047619 V0.19047619 Cr0.19047619 Fe0.0952381,54.28,110.0,100.0,0.0,1.93,-12.969545345200865
Zr0.16666667 Ti0.16666667 Mn0.14814815 V0.14814815 Cr0.14814815 Fe0.22222222,28.98,110.0,100.0,0.0,1.72,-13.09126774115949
Zr0.16666667 Ti0.16666667 Mn0.13333333 V0.13333333 Cr0.13333333 Fe0.26666667,21.88,110.0,100.0,0.0,1.43,-13.125426990618234
Zr0.16666667 Ti0.16666667 V0.22222222 Cr0.22222222 Fe0.22222222,42.44,110.0,100.0,0.0,1.18,-13.026509502044743
Zr0.16666667 Ti0.16666667 Mn0.0952381 V0.19047619 Cr0.19047619 Fe0.19047619,39.09,110.0,100.0,0.0,1.78,-13.042626894394996
Zr0.16666667 Ti0.16666667 Mn0.13333333 V0.17777778 Cr0.17777778 Fe0.17777778,36.12,110.0,100.0,0.0,1.71,-13.056916045224922
Zr0.16666667 Ti0.16666667 Mn0.19607843 V0.15686275 Cr0.15686275 Fe0.15686275,31.81,110.0,100.0,0.0,1.61,-13.077652152994947
Zr0.16666667 Ti0.16666667 Mn0.22222222 V0.14814815 Cr0.14814815 Fe0.14814815,27.01,110.0,100.0,0.0,1.5,-13.100745730093816
Zr0.16666667 Ti0.16666667 Mn0.26666667 V0.13333333 Cr0.13333333 Fe0.13333333,24.71,110.0,100.0,0.0,1.47,-13.111811402453691
Zr0.33333333 Mn0.16666667 V0.16666667 Cr0.16666667 Fe0.16666667,21.49,110.0,100.0,0.0,1.27,-13.127303343757516
Zr0.22222222 Ti0.11111111 Mn0.16666667 V0.16666667 Cr0.16666667 Fe0.16666667,25.63,110.0,100.0,0.0,1.2,-13.10738513350974
Zr0.13333333 Ti0.2 Mn0.16666667 V0.16666667 Cr0.16666667 Fe0.16666667,37.76,110.0,100.0,0.0,1.19,-13.049025739716141
Zr0.11111111 Ti0.22222222 Mn0.16666667 V0.16666667 Cr0.16666667 Fe0.16666667,44.03,110.0,100.0,0.0,1.25,-13.018859754630743
Zr0.16666667 Ti0.16666667 Mn0.22222222 Cr0.22222222 Fe0.22222222,42.46,110.0,100.0,0.0,1.72,-13.026413278806832
Zr0.16666667 Ti0.16666667 Mn0.19047619 V0.0952381 Cr0.19047619 Fe0.19047619,41.02,110.0,100.0,0.0,1.7,-13.033341351936492
Zr0.16666667 Ti0.16666667 Mn0.14814815 V0.22222222 Cr0.14814815 Fe0.14814815,35.08,110.0,100.0,0.0,1.85,-13.061919653596343
Zr0.16666667 Ti0.16666667 Mn0.13333333 V0.26666667 Cr0.13333333 Fe0.13333333,36.59,110.0,100.0,0.0,1.54,-13.05465479913399
Ti0.33333333 Mn0.16666667 V0.16666667 Cr0.16666667 Fe0.16666667,36.59,110.0,100.0,0.0,1.74,-13.05465479913399
Zr0.11111111 Ti0.22222222 Mn0.16666667 V0.16666667 Cr0.16666667 Fe0.16666667,14.81,110.0,100.0,0.0,1.72,-13.15944190522011
Zr0.2 Ti0.13333333 Mn0.16666667 V0.16666667 Cr0.16666667 Fe0.16666667,46.17,110.0,100.0,0.0,1.68,-13.008563868174162
Zr0.22222222 Ti0.11111111 Mn0.16666667 V0.16666667 Cr0.16666667 Fe0.16666667,52.48,110.0,100.0,0.0,1.85,-12.97820543661294
Zr0.1 Ti0.23333333 Mn0.6 V0.06666667,13.0,72.5,100.0,0.0,,-8.657685831128218
Zr0.1 Ti0.23333333 Mn0.53333333 V0.13333333,14.0,67.5,100.0,0.0,1.8,-8.051479432282896
Zr0.1 Ti0.23333333 Mn0.46666667 V0.2,16.0,67.0,100.0,0.0,1.8,-7.981717584796729
Zr0.1 Ti0.23333333 Mn0.4 V0.26666667,20.0,70.0,100.0,0.0,,-8.323310079384171
Zr0.1 Ti0.23333333 Mn0.33333333 V0.33333333,20.5,67.0,100.0,0.0,,-7.9600673562665385
Ti0.33333333 Cr0.66666667,26.5,122.0,100.0,0.0,2.0,-14.546547991339908
Ti0.33333333 Cr0.66666667,21.3,116.0,100.0,0.0,2.0,-13.849891748857349
Ti0.33333333 Al0.01851852 Cr0.64814815,24.0,116.0,100.0,0.0,1.9,-13.836901611739234
Ti0.33333333 Al0.07407407 Cr0.59259259,33.4,90.8,100.0,0.0,2.1,-10.76064469569401
Ti0.33333333 Al0.07017544 Cr0.59649123,28.1,128.5,100.0,0.0,2.2,-15.320663940341591
Ti0.33333333 Al0.01666667 Cr0.65,22.8,112.0,100.0,0.0,2.1,-13.361558816454174
Ti0.33333333 Mn0.07407407 Cr0.59259259,28.0,129.0,100.0,0.0,1.9,-15.381284580226124
Ti0.33333333 Mn0.33333333 Cr0.33333333,22.8,114.9,100.0,0.0,2.0,-13.710368053885015
Ti0.33333333 Cr0.64864865 B0.01801802,15.6,94.8,16.0,82.0,2.1,-11.327399566995428
Ti0.33333333 Cr0.64864865 Si0.01801802,21.4,101.0,100.0,0.0,1.8,-12.045224921818619
Ti0.33333333 Cr0.63063063 Ni0.03603604,20.5,107.0,18.0,75.0,2.1,-12.771229251864325
Ti0.33333333 Cr0.56666667 Ni0.1,21.7,106.7,89.0,0.0,1.9,-12.729372143372624
Ti0.33333333 Cr0.62091503 Mo0.04575163,17.2,117.0,0.0,86.0,1.9,-13.989896560019243
Ti0.33333333 Cr0.66317627 Mo0.0034904,24.8,113.0,100.0,0.0,1.9,-13.472215540052924
Ti0.35483871 Mn0.32258065 Cr0.32258065,14.7,92.2,0.0,0.0,0.57,-11.019004089487611
Zr0.01666667 Ti0.31666667 Mn0.33333333 Cr0.33333333,16.3,89.8,0.0,0.0,1.76,-10.722636516718788
Zr0.02 Ti0.31333333 Mn0.33333333 Cr0.33333333,17.3,91.8,0.0,0.0,1.54,-10.958383449603078
Zr0.03333333 Ti0.3 Mn0.33333333 Cr0.33333333,16.9,89.8,0.0,0.0,0.89,-10.719749819581429
Ti0.33333333 Mn0.06666667 Cr0.53333333 Fe0.06666667,19.66,110.0,100.0,0.0,,-13.136107770026461
Ti0.33333333 Mn0.06734007 Cr0.53198653 Fe0.06734007,19.9,110.0,100.0,0.0,,-13.134953091171518
Ti0.33333333 Mn0.06837607 Cr0.52991453 Fe0.06837607,20.32,110.0,100.0,0.0,,-13.132932403175365
Ti0.33333333 Mn0.07017544 Cr0.52631579 Fe0.07017544,20.78,110.0,100.0,0.0,,-13.130719268703391
Ti0.33333333 Mn0.06837607 Cr0.51282051 Fe0.08547009,19.32,110.0,100.0,0.0,,-13.137743565070965
Ti0.33333333 Mn0.06666667 Cr0.5 Fe0.1,18.32,110.0,100.0,0.0,,-13.142554726966562
Zr0.03030303 Ti0.3030303 Mn0.51851852 Cr0.12962963 Fe0.01851852,25.89,110.0,100.0,0.0,,-13.106134231416886
Zr0.18333333 Ti0.15 Mn0.03896104 V0.19480519 Ni0.43290043,41.7,109.0,100.0,0.0,1.8,-12.909790714457541
Zr0.18333333 Ti0.15 Mn0.07723577 V0.18292683 Ni0.40650407,39.0,105.0,100.0,0.0,1.8,-12.441664662015878
Zr0.18333333 Ti0.15 Mn0.10789981 V0.1734104 Ni0.38535645,36.9,104.0,100.0,0.0,1.78,-12.331489054606688
Zr0.18333333 Ti0.15 Mn0.10021787 V0.19607843 Ni0.37037037,47.6,133.0,100.0,0.0,1.98,-15.768101996632186
Zr0.18333333 Ti0.15 Mn0.13496933 V0.18404908 Ni0.34764826,44.2,125.0,100.0,0.0,1.71,-14.822227567957661
Zr0.18333333 Ti0.15 Mn0.19307832 V0.16393443 Ni0.30965392,36.0,113.3,100.0,0.0,1.82,-13.45441424103921
Zr0.18333333 Ti0.15 Mn0.23333333 V0.15 Ni0.28333333,32.8,112.0,100.0,0.0,2.04,-13.313447197498196
Zr0.18333333 Ti0.15 Mn0.21031746 V0.17857143 Ni0.27777778,54.0,153.0,100.0,0.0,1.69,-18.142891508299257
Zr0.18333333 Ti0.15 Mn0.25448029 V0.16129032 Ni0.25089606,35.6,108.0,100.0,0.0,1.86,-12.818859754630743
Zr0.18333333 Ti0.15 Mn0.29268293 V0.14634146 Ni0.22764228,32.3,108.0,96.0,0.0,2.01,-12.834736588886216
Zr0.18333333 Ti0.15 Mn0.35752688 V0.12096774 Ni0.18817204,28.3,107.9,94.0,0.0,1.6,-12.841953331729615
Zr0.11666667 Ti0.21666667 Mn0.33333333 Cr0.26666667 Fe0.06666667,23.0,93.0,100.0,0.0,1.8,-11.075294683666105
Zr0.11666667 Ti0.21666667 Mn0.33333333 Cr0.26666667 Fe0.06666667,26.0,98.0,100.0,0.0,2.05,-11.662256434929036
Zr0.11666667 Ti0.21666667 Mn0.33333333 Cr0.26666667 Fe0.06666667,25.0,92.0,100.0,0.0,2.1,-10.945393312484965
Zr0.01555556 Ti0.31777778 Mn0.33333333 Cr0.26666667 Fe0.06666667,28.0,100.0,100.0,0.0,2.2,-11.893192205917728
Zr0.21393035 Ti0.11940299 Mn0.13634085 V0.10025063 Cr0.04511278 Ni0.38195489 Sn0.00300752,34.0,109.6,100.0,0.0,1.42,-13.01900408948761
Zr0.21393035 Ti0.11940298 Mn0.13634085 V0.10025063 Cr0.04511278 Co0.00501253 Ni0.37694236 Sn0.00300752,29.8,94.2,100.0,0.0,1.45,-11.186913639643974
Zr0.21393035 Ti0.11940298 Mn0.13634085 V0.10025063 Cr0.04511278 Co0.01002506 Ni0.37192982 Sn0.00300752,39.8,124.3,100.0,0.0,1.62,-14.75920134712533
Zr0.21393035 Ti0.11940299 Mn0.13634085 V0.10025063 Cr0.04511278 Co0.01503759 Ni0.36691729 Sn0.00300752,33.2,103.4,100.0,0.0,1.6,-12.277122925186434
Zr0.21393035 Ti0.11940299 Mn0.13634085 V0.10025063 Cr0.04511278 Co0.02005013 Ni0.36190476 Sn0.00300752,35.9,113.8,100.0,0.0,1.53,-13.515034880923743
Zr0.21393035 Ti0.11940299 Mn0.13634085 V0.10025063 Cr0.04511278 Co0.02506266 Ni0.35689223 Sn0.00300752,24.3,79.0,100.0,0.0,1.44,-9.385133509742602
Ti0.33333333 Cr0.66666667,21.37,110.0,0.0,100.0,,-13.127880683184989
Ti0.33333333 Cr0.66666667,19.601,110.0,100.0,0.0,,-13.1363916285783
Ti0.33333333 Mn0.16666667 Cr0.5,21.1,110.0,100.0,0.0,,-13.1291796968968
Ti0.33333333 Mn0.25 Cr0.41666667,27.89,110.0,100.0,0.0,,-13.096511907625692
Ti0.33333333 Mn0.33333333 Cr0.33333333,28.556,110.0,100.0,0.0,,-13.093307673803222
Zr0.03333333 Ti0.3 Mn0.54285714 V0.12380952,30.0,110.0,0.0,0.0,1.98,-13.08636035602598
Zr0.03703704 Ti0.2962963 Mn0.61458333 V0.05208333,29.0,110.0,0.0,0.0,1.76,-13.091171517921577
Zr0.03809524 Ti0.2952381 Mn0.56410256 V0.1025641,31.0,110.0,0.0,0.0,1.9,-13.081549194130382
Zr0.03225806 Ti0.30107527 Mn0.64052288 V0.02614379,32.0,110.0,0.0,0.0,1.8,-13.076738032234784
Zr0.03703704 Ti0.2962963 Mn0.52083333 V0.14583333,33.0,110.0,0.0,0.0,1.93,-13.071926870339187
Zr0.03333333 Ti0.3 Mn0.61111111 V0.05555556,34.0,110.0,0.0,0.0,1.93,-13.067115708443588
Zr0.04273504 Ti0.29059829 Mn0.54644809 V0.12021858,35.0,110.0,0.0,0.0,1.85,-13.06230454654799
Zr0.03703704 Ti0.2962963 Mn0.47916667 V0.1875,37.0,110.0,0.0,0.0,2.04,-13.052682222756795
Zr0.03333333 Ti0.3 Mn0.55555556 V0.11111111,38.0,110.0,0.0,0.0,1.97,-13.047871060861198
Zr0.04347826 Ti0.28985507 Mn0.60493827 V0.06172839,39.0,110.0,0.0,0.0,1.97,-13.0430598989656
Zr0.03333333 Ti0.3 Mn0.61904762 V0.04761905,38.0,110.0,0.0,0.0,0.5,-13.047871060861198
Zr0.03809524 Ti0.2952381 Mn0.61538462 V0.05128205,35.0,110.0,0.0,0.0,0.5,-13.06230454654799
Zr0.00640378 Ti0.32692956 Mn0.47460845 Al0.00822655 V0.13890207 Cr0.01423825 Fe0.03069135,21.7,99.8,100.0,0.0,1.71,-11.899446716382005
Zr0.00666667 Ti0.32666667 Mn0.48309179 V0.13848631 Cr0.01610306 Fe0.02898551,20.0,110.0,100.0,0.0,,-13.134471974981958
Zr0.00666667 Ti0.32666667 Mn0.48666667 V0.13666667 Cr0.01666667 Fe0.02666667,18.0,110.0,100.0,0.0,,-13.144094298773153
Zr0.01666667 Ti0.31666667 Mn0.49333333 Al0.00333333 V0.14333333 Fe0.02666667,25.6,110.0,100.0,0.0,,-13.107529468366609
Zr0.015 Ti0.31833333 Mn0.48253968 Al0.00952381 V0.13650794 Fe0.03809524,20.0,110.0,100.0,0.0,,-13.134471974981958
Zr0.21393035 Ti0.11940298 Mn0.08120301 Al0.00401002 V0.10025063 Cr0.07518797 Co0.0802005 Ni0.32280702 Sn0.00300752,34.8,110.0,95.1,3.1,1.49,-13.06326677892711
Zr0.21393035 Ti0.11940298 Mn0.08120301 Al0.00401002 V0.10025063 Cr0.07518797 Co0.07017544 Cu0.01002506 Ni0.32280702 Sn0.00300752,29.8,94.0,89.3,8.1,1.39,-11.162857830165985
Zr0.21393035 Ti0.11940298 Mn0.08120301 Al0.00401002 V0.10025063 Cr0.07518797 Co0.06015038 Cu0.02005013 Ni0.32280702 Sn0.00300752,31.4,97.0,90.8,6.1,1.3,-11.515997113302863
Zr0.21393035 Ti0.11940298 Mn0.08120301 Al0.00401002 V0.10025063 Cr0.07518797 Co0.05012531 Cu0.03007519 Ni0.32280702 Sn0.00300752,31.7,95.0,94.8,0.0,1.2,-11.273995669954292
Zr0.21393035 Ti0.11940298 Mn0.08120301 Al0.00401002 V0.10025063 Cr0.07518797 Co0.04010025 Cu0.04010025 Ni0.32280702 Sn0.00300752,32.1,96.0,91.7,1.1,1.14,-11.392350252586
Zr0.21393035 Ti0.11940298 Mn0.08120301 Al0.00401002 V0.10025063 Cr0.07518797 Co0.03007519 Cu0.05012531 Ni0.32280702 Sn0.00300752,31.5,93.0,91.5,,1.11,-11.034399807553523
Zr0.20915033 Ti0.12418301 Mn0.05590062 Al0.00414079 V0.10041408 Cr0.08488613 Co0.01552795 Ni0.40269151 Sn0.00310559,29.0,77.0,74.0,11.1,1.3,-9.121962954053403
Zr0.20905588 Ti0.12427746 Mn0.05606524 Al0.00407747 V0.09989806 Cr0.08562691 Co0.01529052 Ni0.40265036 Sn0.0030581,28.0,81.0,74.8,17.0,1.44,-9.60789030550878
Zr0.20895522 Ti0.12437811 Mn0.05614035 Al0.00401002 V0.10025063 Cr0.08521303 Co0.01503759 Ni0.40300752 Sn0.00300752,24.0,77.0,70.7,25.7,1.4,-9.146018763531393
Zr0.20910973 Ti0.1242236 Mn0.05523256 Al0.00387597 V0.09883721 Cr0.09399225 Co0.01453488 Ni0.39728682 Sn0.00290698,23.0,76.0,62.3,36.7,1.31,-9.030550878037046
Zr0.20873269 Ti0.12460064 Mn0.05620155 Al0.00387597 V0.0998062 Cr0.08527132 Co0.01550388 Ni0.40310078 Sn0.00290698,21.0,71.0,60.0,40.0,1.11,-8.438777964878518
Zr0.20915033 Ti0.12418301 Mn0.05080352 Al0.00414723 V0.10057024 Cr0.05495075 Co0.04976672 Ni0.40331778 Sn0.00311042,26.0,77.0,74.9,17.7,1.28,-9.136396439740198
Zr0.20905588 Ti0.12427746 Mn0.05104645 Al0.00408372 V0.10005105 Cr0.05513017 Co0.05002552 Ni0.40326697 Sn0.00306279,24.0,75.0,64.2,31.7,1.3,-8.905460668751504
Zr0.20895522 Ti0.12437811 Mn0.05112782 Al0.00401002 V0.10025063 Cr0.05513784 Co0.05012531 Ni0.40300752 Sn0.00300752,22.0,75.0,51.7,44.8,1.14,-8.915082992542699
Zr0.20910973 Ti0.1242236 Mn0.05113078 Al0.00393314 V0.10029499 Cr0.05506391 Co0.05014749 Ni0.40314651 Sn0.00294985,20.0,72.0,42.5,55.7,1.06,-8.56386817416406
Zr0.20873269 Ti0.12460064 Mn0.05135659 Al0.00387597 V0.0998062 Cr0.05523256 Co0.0503876 Ni0.40310078 Sn0.00290698,12.0,54.0,35.3,64.3,0.77,-6.437334616309839
Zr0.20915033 Ti0.12418301 Mn0.04140787 Al0.00414079 V0.10041408 Cr0.03519669 Co0.07971015 Ni0.40269151 Sn0.00310559,28.0,87.0,66.5,26.3,1.15,-10.329564589848447
Zr0.20905588 Ti0.12427746 Mn0.04083716 Al0.00408372 V0.10005105 Cr0.03471159 Co0.08065339 Ni0.40326697 Sn0.00306279,27.0,90.0,47.2,48.6,1.29,-10.695212893913881
Zr0.20895522 Ti0.12437811 Mn0.04110276 Al0.00401002 V0.10025063 Cr0.03508772 Co0.0802005 Ni0.40300752 Sn0.00300752,12.0,47.0,32.1,67.0,0.93,-5.595381284580226
Zr0.20910973 Ti0.1242236 Mn0.04123711 Al0.00392734 V0.10014728 Cr0.0353461 Co0.08051055 Ni0.40255277 Sn0.00294551,11.0,47.0,19.7,80.3,0.9,-5.600192446475823
Zr0.20873269 Ti0.12460064 Mn0.04075691 Al0.00388161 V0.09995148 Cr0.0349345 Co0.08054343 Ni0.40368753 Sn0.00291121,7.0,32.0,4.2,95.8,0.61,-3.815251383209045
Zr0.00906344 Ti0.32426989 Mn0.48126801 V0.14024976 Cr0.01633045 Fe0.02881844,28.7,110.0,0.0,0.0,1.5,-13.092614866490257
Zr0.00898204 Ti0.3243513 Mn0.48484849 V0.13660414 Cr0.01539202 Fe0.02982203,28.7,110.0,0.0,0.0,1.4,-13.092614866490257
Zr0.00815494 Ti0.32517839 Mn0.4789272 V0.1408046 Cr0.01628353 Fe0.03065134,28.7,110.0,0.0,0.0,1.5,-13.092614866490257
Zr0.00788955 Ti0.32544379 Mn0.48164044 V0.13924654 Cr0.01621364 Fe0.02956605,28.7,110.0,0.0,0.0,1.4,-13.092614866490257
Zr0.21393035 Ti0.11940298 Mn0.08120301 Al0.00401002 V0.10025063 Cr0.07518797 Co0.0802005 Ni0.32280702 Sn0.00300752,33.7,105.0,100.0,0.0,1.49,-12.467163820062545
Zr0.21393035 Ti0.11940298 Mn0.08120301 Al0.00401002 V0.10025063 Cr0.07518797 Fe0.01002506 Co0.07017544 Ni0.32280702 Sn0.00300752,39.2,123.0,100.0,0.0,1.51,-14.605725282655762
Zr0.21393035 Ti0.11940298 Mn0.08120301 Al0.00401002 V0.10025063 Cr0.07518797 Fe0.02005013 Co0.06015038 Ni0.32280702 Sn0.00300752,28.4,122.0,100.0,0.0,1.49,-14.537406783738273
Zr0.21393035 Ti0.11940298 Mn0.08120301 Al0.00401002 V0.10025063 Cr0.07518797 Fe0.03007519 Co0.05012531 Ni0.32280702 Sn0.00300752,37.4,117.0,100.0,0.0,1.51,-13.892711089728168
Zr0.21393035 Ti0.11940298 Mn0.08120301 Al0.00401002 V0.10025063 Cr0.07518797 Fe0.04010025 Co0.04010025 Ni0.32280702 Sn0.00300752,38.5,119.0,100.0,0.0,1.53,-14.127976906422901
Zr0.21393035 Ti0.11940298 Mn0.08120301 Al0.00401002 V0.10025063 Cr0.07518797 Fe0.05012531 Co0.03007519 Ni0.32280702 Sn0.00300752,39.3,124.0,100.0,0.0,1.53,-14.725523213856146
Ti0.33333333 Mn0.45045045 Nb0.02252252 V0.19369369,25.71,109.73,100.0,0.0,1.26,-13.07452489776281
Ti0.33333333 Mn0.45045045 Nb0.04054054 V0.17567568,23.68,104.48,100.0,0.0,1.55,-12.452826557613664
Zr0.20895522 Ti0.12437811 Mn0.02606516 V0.10025063 Cr0.08521303 Co0.01503759 Ni0.44010025,24.9,81.0,34.0,49.0,1.0,-9.622804907385134
Zr0.20895522 Ti0.12437811 Mn0.05614035 V0.10025063 Cr0.08521303 Co0.01503759 Ni0.41002506,31.4,98.0,65.0,23.0,1.31,-11.636276160692807
Zr0.20895522 Ti0.12437811 Mn0.08621554 V0.10025063 Cr0.08521303 Co0.01503759 Ni0.37994987,33.8,106.0,85.0,8.0,1.41,-12.58696175126293
Zr0.20895522 Ti0.12437811 Mn0.11629073 V0.10025063 Cr0.08521303 Co0.01503759 Ni0.34987469,38.6,111.0,90.0,4.0,1.58,-13.165263411113784
Zr0.20895522 Ti0.12437811 Mn0.14636591 V0.10025063 Cr0.08521303 Co0.01503759 Ni0.3197995,39.3,116.0,89.0,4.0,1.57,-13.763290834736589
Zr0.20895522 Ti0.12437811 Mn0.1764411 V0.10025063 Cr0.08521303 Co0.01503759 Ni0.28972431,40.0,115.0,97.0,0.0,1.58,-13.639643974019725
Zr0.20895522 Ti0.12437811 Mn0.20651629 V0.10025063 Cr0.08521303 Co0.01503759 Ni0.25964912,40.3,113.0,97.0,0.0,1.57,-13.397642530671158
Zr0.20895522 Ti0.12437811 Mn0.23659148 V0.10025063 Cr0.08521303 Co0.01503759 Ni0.22957393,42.3,117.0,98.0,0.0,1.58,-13.869136396439739
Zr0.33333333 V0.22222222 Cr0.44444444,25.0,112.3,100.0,0.0,1.18,-13.387057974500841
Zr0.33333333 V0.50980392 Cr0.15686274,25.29,110.11,100.0,0.0,1.14,-13.12225162376714
Zr0.33333333 V0.2 Cr0.46666667,21.17,102.63,100.0,0.0,1.26,-12.242386336300216
Zr0.33333333 V0.26666667 Cr0.4,26.61,109.68,100.0,0.0,1.46,-13.064180899687276
Zr0.33333333 V0.66666667,21.74,102.44,100.0,0.0,1.24,-12.216790955015636
Zr0.33333333 V0.66666667,18.46,78.1,100.0,0.0,1.28,-9.304979552561944
Zr0.21393035 Ti0.11940298 Mn0.08120301 Al0.00401002 V0.10025063 Cr0.07518797 Co0.0802005 Ni0.32280702 Sn0.00300752,40.63,110.0,96.7,3.1,1.49,-13.035217705075775
Zr0.21393035 Ti0.11940298 Mn0.08120301 Al0.00401002 V0.10025063 Cr0.07518797 Co0.0802005 Si0.01002506 Ni0.31278195 Sn0.00300752,40.37,110.0,93.9,3.4,1.45,-13.036468607168631
Zr0.21393035 Ti0.11940298 Mn0.08120301 Al0.00401002 V0.10025063 Cr0.07518797 Co0.0802005 Si0.02005013 Ni0.30275689 Sn0.00300752,40.34,110.0,91.7,4.6,1.42,-13.036612942025497
Zr0.21393035 Ti0.11940298 Mn0.08120301 Al0.00401002 V0.10025063 Cr0.07518797 Co0.0802005 Si0.03007519 Ni0.29273183 Sn0.00300752,40.21,110.0,92.3,4.6,1.31,-13.037238393071926
Zr0.21393035 Ti0.11940298 Mn0.08120301 Al0.00401002 V0.10025063 Cr0.07518797 Co0.0802005 Si0.04010025 Ni0.28270677 Sn0.00300752,39.99,110.0,92.0,5.0,1.27,-13.038296848688958
Zr0.28571429 Ti0.04761905 Mn0.19487179 V0.09230769 Co0.05128205 Ni0.32820513,37.56,110.0,0.0,0.0,,-13.049987972095261
Zr0.24324324 Ti0.09009009 Mn0.15873016 V0.08465608 Co0.05291005 Ni0.37037037,37.39,110.0,0.0,0.0,,-13.050805869617513
Zr0.25925926 Ti0.07407407 Mn0.16666667 V0.08333333 Co0.11458333 Ni0.30208333,36.86,110.0,,,,-13.053355785422179
Zr0.21393035 Ti0.11940298 Mn0.08120301 Al0.00401002 V0.10025063 Cr0.07518797 Co0.0802005 Ni0.32280702 Sn0.00300752,38.1,110.0,93.7,5.2,,-13.047389944671638
Mg0.00993542 Zr0.21783181 Ti0.11550152 Mn0.0804769 Al0.00397417 V0.0993542 Cr0.07451565 Co0.07948336 Ni0.31594635 Sn0.00298063,37.51,110.0,81.8,15.9,,-13.05022853019004
Mg0.01969473 Zr0.22187822 Ti0.11145511 Mn0.07976366 Al0.00393895 V0.09847366 Cr0.07385524 Co0.07877893 Ni0.30920729 Sn0.00295421,40.68,110.0,88.3,7.9,,-13.034977146980996
Mg0.02928258 Zr0.22607781 Ti0.10725552 Mn0.07906296 Al0.00390434 V0.09760859 Cr0.07320644 Co0.07808687 Ni0.30258663 Sn0.00292826,37.38,110.0,72.0,25.1,,-13.050853981236468
Mg0.03870344 Zr0.23043944 Ti0.10289389 Mn0.07837446 Al0.00387034 V0.09675859 Cr0.07256894 Co0.07740687 Ni0.29608128 Sn0.00290276,34.83,110.0,56.5,42.2,,-13.063122444070242
Mg0.04796163 Zr0.23497268 Ti0.09836066 Mn0.07769784 Al0.00383693 V0.09592326 Cr0.07194245 Co0.07673861 Ni0.28968825 Sn0.0028777,25.22,110.0,36.9,62.6,,-13.109357709886936
Zr0.1 Ti0.23333333 V0.2 Fe0.46666667,31.5,110.0,100.0,0.0,,-13.079143613182582
Zr0.16666667 Ti0.16666667 V0.13333333 Fe0.4 Ni0.13333333,33.09,110.0,100.0,0.0,,-13.071493865768582
Zr0.11666667 Ti0.21666667 V0.15 Fe0.51666667,26.62,110.0,100.0,0.0,,-13.1026220832331
Zr0.25 Ti0.08333333 V0.06666667 Fe0.33333333 Ni0.26666667,27.67,110.0,,100.0,,-13.097570363242722
Zr0.21393035 Ti0.11940298 Mn0.08120301 Al0.00401002 V0.10025063 Cr0.07518797 Co0.0802005 Ni0.32280702 Sn0.00300752,39.13,110.0,98.6,,1.49,-13.042434447919172
Y0.01002506 Zr0.21393035 Ti0.11940298 Mn0.08120301 Al0.00401002 V0.10025063 Cr0.07518797 Co0.07017544 Ni0.32280702 Sn0.00300752,41.63,110.0,72.0,24.9,0.0,-13.030406543180177
Y0.02005013 Zr0.21393035 Ti0.11940298 Mn0.08120301 Al0.00401002 V0.10025063 Cr0.07518797 Co0.06015038 Ni0.32280702 Sn0.00300752,42.75,110.0,75.7,18.3,0.0,-13.025018041857107
Y0.03007519 Zr0.21393035 Ti0.11940298 Mn0.08120301 Al0.00401002 V0.10025063 Cr0.07518797 Co0.05012531 Ni0.32280702 Sn0.00300752,44.93,110.0,79.0,10.5,0.0,-13.014529708924705
Y0.04010025 Zr0.21393035 Ti0.11940298 Mn0.08120301 Al0.00401002 V0.10025063 Cr0.07518797 Co0.04010025 Ni0.32280702 Sn0.00300752,46.83,110.0,86.1,0.0,0.0,-13.005388501323068
Y0.05012531 Zr0.21393035 Ti0.11940298 Mn0.08120301 Al0.00401002 V0.10025063 Cr0.07518797 Co0.03007519 Ni0.32280702 Sn0.00300752,48.22,110.0,84.1,0.0,0.0,-12.998700986288188
Y0.00301659 Zr0.21364985 Ti0.11968348 Mn0.08245349 Al0.00402212 V0.10155857 Cr0.07642031 Co0.07038713 Ni0.32579186 Sn0.00301659,40.02,110.0,83.7,12.3,1.49,-13.03815251383209
Y0.0060698 Zr0.21372549 Ti0.11960784 Mn0.08295397 Al0.00404654 V0.10217501 Cr0.07688417 Co0.06170966 Ni0.32979262 Sn0.0030349,40.21,110.0,83.9,12.0,1.48,-13.037238393071926
Y0.01011634 Zr0.21379981 Ti0.11953353 Mn0.0839656 Al0.00404654 V0.10318665 Cr0.0778958 Co0.05159332 Ni0.33282752 Sn0.0030349,41.77,110.0,84.4,9.9,1.56,-13.029732980514794
Y0.01323155 Zr0.21414729 Ti0.11918605 Mn0.08447837 Al0.00407125 V0.10483461 Cr0.0783715 Co0.04173028 Ni0.33689567 Sn0.00305344,43.31,110.0,89.1,3.4,1.67,-13.022323791195573
Y0.01633486 Zr0.2142171 Ti0.11911623 Mn0.08575804 Al0.00408372 V0.10617662 Cr0.07963247 Co0.0316488 Ni0.33996937 Sn0.00306279,45.19,110.0,87.5,3.7,1.7,-13.013278806831849
Zr0.21393035 Ti0.11940298 Mn0.05614035 Al0.00401002 V0.10025063 Cr0.08521303 Co0.01503759 Ni0.40300752 Sn0.00300752,38.1,110.0,71.0,25.0,1.4,-13.047389944671638
Zr0.21393035 Ti0.11940298 Mn0.05112782 Al0.00401002 V0.10025063 Cr0.05513784 Co0.05012531 Ni0.40300752 Sn0.00300752,34.61,110.0,53.0,45.0,1.14,-13.064180899687274
Zr0.21393035 Ti0.11940298 Mn0.04110276 Al0.00401002 V0.10025063 Cr0.03508772 Co0.0802005 Ni0.40300752 Sn0.00300752,31.71,110.0,32.0,67.0,0.93,-13.078133269184507
Zr0.21393035 Ti0.11940299 Mn0.13533835 Al0.00501253 V0.10025063 Cr0.04511278 Ni0.37794486 Sn0.00300752,40.25,110.0,100.0,0.0,,-13.037045946596102
Zr0.21393035 Ti0.11940298 Mn0.04110276 Al0.00401002 V0.10025063 Cr0.03508772 Co0.0802005 Ni0.40300752 Sn0.00300752,41.5,110.0,50.0,50.0,,-13.031031994226606
Zr0.21393035 Ti0.11940298 Mn0.08120301 Al0.00401002 V0.10025063 Cr0.07518797 Co0.0802005 Ni0.32280702 Sn0.00300752,40.87,110.0,100.0,0.0,1.45,-13.034063026220831
La0.00291971 Zr0.26455026 Ti0.06878307 Mn0.21605839 V0.0379562 Fe0.03698297 Ni0.36982968 Sn0.00291971,35.07,110.0,,100.0,1.47,-13.061967765215298
La0.00291971 Zr0.26455026 Ti0.06878307 Mn0.21605839 V0.0379562 Fe0.03698297 Ni0.36982968 Sn0.00291971,34.22,110.0,,100.0,0.95,-13.066057252826557
Zr0.25333333 Ti0.08 Mn0.19753086 V0.04320988 Fe0.05555556 Ni0.37037037,33.68,110.0,0.0,0.0,,-13.06865528025018
La0.0030722 Zr0.25333333 Ti0.08 Mn0.19662058 V0.04301075 Fe0.05529954 Ni0.36866359,34.17,110.0,0.0,0.0,,-13.066297810921336
Zr0.18333333 Ti0.15 Mn0.08080808 V0.18181818 Cr0.05387205 Co0.05387205 Ni0.2962963,31.21,110.0,100.0,0.0,,-13.080538850132307
Zr0.3 Ti0.03333333 Mn0.3 Cr0.03333333 Fe0.16666667 Ni0.16666667,38.89,110.0,,,,-13.043589126774116
Zr0.16666667 Ti0.16666667 V0.13333333 Fe0.4 Ni0.13333333,32.73,110.0,0.0,0.0,1.0,-13.073225884050997
Zr0.25 Ti0.08333333 V0.06666667 Fe0.33333333 Ni0.26666667,27.16,110.0,0.0,0.0,1.0,-13.100024055809477
Zr0.03333333 Ti0.3 Mn0.47342995 V0.06441224 Cr0.12882448,28.59,110.0,100.0,0.0,,-13.093144094298772
Zr0.03333333 Ti0.3 Mn0.54471545 V0.12195122,38.48,110.0,100.0,0.0,,-13.04556170315131
Zr0.21393035 Ti0.11940298 Mn0.08120301 Al0.00401002 V0.10025063 Cr0.07518797 Co0.0802005 Ni0.32280702 Sn0.00300752,38.1,110.0,65.0,22.0,1.45,-13.047389944671638
Zr0.21393035 Ti0.11940298 Mn0.08120301 Al0.00401002 V0.0962406 Cr0.07518797 Co0.0802005 Ni0.31679198 Sn0.00300752 B0.01002506,39.85,110.0,66.0,21.0,1.5,-13.038970411354342
Zr0.21393035 Ti0.11940298 Mn0.08120301 Al0.00401002 V0.09223058 Cr0.07518797 Co0.0802005 Ni0.31077694 Sn0.00300752 B0.02005013,40.02,110.0,68.0,16.0,1.46,-13.03815251383209
Zr0.21393035 Ti0.11940298 Mn0.08120301 Al0.00401002 V0.08822055 Cr0.07518797 Co0.0802005 Ni0.3047619 Sn0.00300752 B0.03007519,39.69,110.0,51.0,25.0,1.44,-13.039740197257636
Zr0.21393035 Ti0.11940298 Mn0.08120301 Al0.00401002 V0.08421053 Cr0.07518797 Co0.0802005 Ni0.29874687 Sn0.00300752 B0.04010025,40.41,110.0,53.0,15.0,1.46,-13.036276160692806
Zr0.21393035 Ti0.11940298 Mn0.08120301 Al0.00401002 V0.0802005 Cr0.07518797 Co0.0802005 Ni0.29273183 Sn0.00300752 B0.05012531,40.87,110.0,59.0,6.0,1.5,-13.034063026220831
Zr0.21393035 Ti0.11940298 Mn0.13634085 Al0.00401002 V0.10025063 Cr0.08521303 Co0.01503759 Ni0.32280702 Sn0.00300752,40.91,110.0,0.0,0.0,,-13.033870579745008
Zr0.21393035 Ti0.11940298 Mn0.13634085 Al0.00401002 V0.10025063 Cr0.04511278 Co0.01503759 Ni0.36290727 Sn0.00300752,39.74,110.0,0.0,0.0,,-13.039499639162857
Zr0.19402985 Ti0.13930348 Mn0.13634085 Al0.00401002 V0.10025063 Cr0.04511278 Co0.01503759 Ni0.36290727 Sn0.00300752,38.97,110.0,0.0,0.0,,-13.043204233822467
Zr0.21393035 Ti0.11940298 Mn0.15639098 Al0.00401002 V0.10025063 Cr0.06516291 Co0.01503759 Ni0.32280702 Sn0.00300752,40.05,110.0,0.0,0.0,,-13.038008178975222
Zr0.21393035 Ti0.11940298 Mn0.05614035 Al0.00401002 V0.10025063 Cr0.08521303 Co0.01503759 Ni0.40300752 Sn0.00300752,38.1,110.0,74.0,11.0,1.4,-13.047389944671638
Y0.00987654 Zr0.21025641 Ti0.12307692 Mn0.05530864 Al0.00395062 V0.09876543 Cr0.08395062 Co0.01481481 Ni0.39703704 Sn0.00296296,38.46,110.0,40.0,60.0,1.38,-13.045657926389222
Y0.01946472 Zr0.20634921 Ti0.12698413 Mn0.05450122 Al0.00389294 V0.0973236 Cr0.08272506 Co0.01459854 Ni0.39124088 Sn0.00291971,38.89,110.0,37.0,56.0,1.36,-13.043589126774116
Y0.02877698 Zr0.20218579 Ti0.13114754 Mn0.05371703 Al0.00383693 V0.09592326 Cr0.08153477 Co0.01438849 Ni0.38561151 Sn0.0028777,37.94,110.0,41.0,54.0,1.31,-13.048159730574932
Y0.03782506 Zr0.19774011 Ti0.13559322 Mn0.05295508 Al0.00378251 V0.09456265 Cr0.08037825 Co0.0141844 Ni0.38014184 Sn0.00283688,36.44,110.0,40.0,54.0,1.2,-13.05537647341833
Zr0.21393035 Ti0.11940298 Mn0.04110276 Al0.00401002 V0.10025063 Cr0.03508772 Co0.0802005 Ni0.40300752 Sn0.00300752,26.19,110.0,32.0,67.0,0.93,-13.104690882848207
Y0.00987654 Zr0.21025641 Ti0.12307692 Mn0.04049383 Al0.00395062 V0.09876543 Cr0.0345679 Co0.07901235 Ni0.39703704 Sn0.00296296,26.5,110.0,13.0,84.0,0.96,-13.103199422660571
Y0.01946472 Zr0.20634921 Ti0.12698413 Mn0.03990268 Al0.00389294 V0.0973236 Cr0.03406326 Co0.07785888 Ni0.39124088 Sn0.00291971,26.69,110.0,17.0,83.0,0.98,-13.102285301900409
Y0.02877698 Zr0.20218579 Ti0.13114754 Mn0.03932854 Al0.00383693 V0.09592326 Cr0.03357314 Co0.07673861 Ni0.38561151 Sn0.0028777,34.22,110.0,11.0,89.0,1.1,-13.066057252826557
Y0.03782506 Zr0.19774011 Ti0.13559322 Mn0.03877069 Al0.00378251 V0.09456265 Cr0.03309693 Co0.07565012 Ni0.38014184 Sn0.00283688,33.98,110.0,18.0,79.0,1.08,-13.0672119316815
La0.00696864 Y0.16260163 Zr0.28333333 Ti0.05 Mn0.16260163 V0.02787456 Fe0.02787456 Ni0.27874564,31.0,110.0,5.5,94.5,1.54,-13.081549194130382
Y0.17283951 Zr0.33333333 Fe0.49382716,56.76,110.0,0.0,0.0,1.66,-12.957613663699783
Y0.17283951 Zr0.22222222 Ti0.11111111 Fe0.49382716,58.77,110.0,0.0,0.0,1.43,-12.947943228289631
Y0.17283951 Zr0.11111111 Ti0.22222222 Fe0.49382716,61.08,110.0,0.0,0.0,1.39,-12.936829444310801
Y0.17283951 Zr0.3 Ti0.03333333 Fe0.49382716,52.9,110.0,0.0,0.0,1.62,-12.97618474861679
Y0.17283951 Zr0.23333333 Ti0.1 Fe0.49382716,54.03,110.0,0.0,0.0,1.45,-12.970748135674764
Zr0.21393035 Ti0.11940298 Mn0.08120301 Al0.00802005 V0.10526316 Cr0.07518797 Co0.0802005 Ni0.31679198,38.28,110.0,0.0,0.0,1.45,-13.04652393553043
Zr0.21285141 Ti0.12048193 Mn0.08083832 Al0.00898204 V0.10578842 Cr0.0748503 Co0.07984032 Ni0.31636727,37.6,110.0,0.0,0.0,1.43,-13.049795525619436
Zr0.21463897 Ti0.11869436 Mn0.07843137 Al0.00904977 V0.10558069 Cr0.07541478 Co0.08044243 Ni0.31774761,38.1,110.0,0.0,0.0,1.5,-13.047389944671638
Zr0.21111111 Ti0.12222222 Mn0.08059702 Al0.01094527 V0.10447761 Cr0.07462687 Co0.07960199 Ni0.31641791,37.94,110.0,0.0,0.0,1.45,-13.048159730574932
Zr0.21212121 Ti0.12121212 Mn0.08083832 Al0.00998004 V0.10479042 Cr0.0748503 Co0.07984032 Ni0.31636727,37.79,110.0,0.0,0.0,1.42,-13.048881404859273
Zr0.21393035 Ti0.11940298 Mn0.08120301 Al0.00802005 V0.10526316 Cr0.07518797 Co0.0802005 Ni0.31679198,38.46,110.0,0.0,0.0,1.48,-13.045657926389222
La0.32073888 Zr0.21256039 Ti0.12077295 Mn0.04198153 Al0.00503778 V0.05541562 Cr0.03946264 Co0.04198153 Ni0.1620487,37.94,110.0,0.0,0.0,1.41,-13.048159730574932
La0.29846939 Zr0.21406728 Ti0.11926605 Mn0.04421769 Al0.00595238 V0.05782313 Cr0.04166667 Co0.04421769 Ni0.17431973,36.82,110.0,0.0,0.0,1.27,-13.053548231898002
La0.21447721 Zr0.21437909 Ti0.11895425 Mn0.05451296 Al0.00714924 V0.0714924 Cr0.05093834 Co0.05451296 Ni0.21358356,36.72,110.0,0.0,0.0,1.33,-13.054029348087562
La0.25896763 Zr0.2137834 Ti0.11954993 Mn0.04899388 Al0.00612423 V0.06474191 Cr0.0463692 Co0.04899388 Ni0.19247594,37.03,110.0,0.0,0.0,1.38,-13.052537887899927
La0.20911528 Zr0.2130719 Ti0.12026144 Mn0.05451296 Al0.00714924 V0.0714924 Cr0.05183199 Co0.05540661 Ni0.21715818,34.83,110.0,0.0,0.0,1.24,-13.063122444070242
La0.25021872 Zr0.21338912 Ti0.11994421 Mn0.05074366 Al0.00699912 V0.0656168 Cr0.0463692 Co0.04986877 Ni0.19685039,36.53,110.0,0.0,0.0,1.42,-13.054943468847727
